semi_major_axis,eccentricity,inclination,ascending_node,argument_of_periapsis
6871000.0,7.289222701635508e-17,2.6789311450361564,0.13774347314941446,0.0
