semi_major_axis,eccentricity,inclination,ascending_node,argument_of_periapsis
6871000.000000001,1.8749292813513596e-16,2.316109039345692,5.207542258551526,0.0
