semi_major_axis,eccentricity,inclination,ascending_node,argument_of_periapsis
6871000.000000004,3.749858562702719e-16,0.8774112702769895,0.9031048627562689,0.0
