semi_major_axis,eccentricity,inclination,ascending_node,argument_of_periapsis
6870999.999999997,3.7097934474251307e-16,3.1264026713476456,4.8099543475840365,0.0
